{"name":"Test","id":63390548072821866746198626616216154772,"left_keys":[{"time":437,"holding":0},{"time":463,"holding":0},{"time":571,"holding":0},{"time":598,"holding":0},{"time":708,"holding":0},{"time":736,"holding":0},{"time":986,"holding":0},{"time":1010,"holding":0},{"time":1122,"holding":0},{"time":1152,"holding":0},{"time":1255,"holding":0},{"time":1286,"holding":0},{"time":1353,"holding":0},{"time":1532,"holding":0},{"time":1558,"holding":0},{"time":1668,"holding":0},{"time":1692,"holding":0},{"time":1808,"holding":0},{"time":1832,"holding":0},{"time":1962,"holding":0},{"time":2079,"holding":0},{"time":2102,"holding":0},{"time":2218,"holding":0},{"time":2242,"holding":0},{"time":2352,"holding":0},{"time":2381,"holding":0},{"time":2439,"holding":0},{"time":2655,"holding":0},{"time":2787,"holding":0},{"time":2902,"holding":0},{"time":2928,"holding":65},{"time":3059,"holding":0},{"time":3173,"holding":0},{"time":3201,"holding":0},{"time":3313,"holding":0},{"time":3339,"holding":0},{"time":3448,"holding":0},{"time":3471,"holding":42},{"time":3541,"holding":43},{"time":3606,"holding":23},{"time":3700,"holding":0},{"time":3862,"holding":0},{"time":4123,"holding":0},{"time":4230,"holding":0},{"time":4262,"holding":0},{"time":4330,"holding":0},{"time":4485,"holding":0},{"time":4732,"holding":0},{"time":4777,"holding":0},{"time":4806,"holding":0},{"time":5002,"holding":0},{"time":5286,"holding":0},{"time":5525,"holding":0},{"time":5795,"holding":0},{"time":5938,"holding":0},{"time":6071,"holding":0},{"time":6343,"holding":0},{"time":6414,"holding":0},{"time":6470,"holding":0},{"time":6670,"holding":0},{"time":6861,"holding":0},{"time":6968,"holding":0},{"time":7020,"holding":0},{"time":7147,"holding":0},{"time":7202,"holding":0},{"time":7397,"holding":0},{"time":7441,"holding":0},{"time":7716,"holding":0},{"time":7816,"holding":0},{"time":7988,"holding":0},{"time":8216,"holding":0},{"time":8367,"holding":0},{"time":8506,"holding":0},{"time":8608,"holding":0},{"time":8641,"holding":0},{"time":8793,"holding":0},{"time":8843,"holding":0},{"time":9052,"holding":0},{"time":9153,"holding":0},{"time":9208,"holding":0},{"time":9371,"holding":0},{"time":9427,"holding":0},{"time":9602,"holding":0},{"time":9699,"holding":0},{"time":9734,"holding":0},{"time":9907,"holding":0},{"time":9964,"holding":0},{"time":10072,"holding":0},{"time":10148,"holding":0},{"time":10250,"holding":0},{"time":10301,"holding":0},{"time":10404,"holding":35},{"time":10508,"holding":0},{"time":10596,"holding":25},{"time":10695,"holding":0},{"time":10833,"holding":0},{"time":11059,"holding":0},{"time":11134,"holding":0},{"time":11253,"holding":0},{"time":11347,"holding":0},{"time":11395,"holding":0},{"time":11618,"holding":42},{"time":11686,"holding":0}],"up_keys":[{"time":414,"holding":0},{"time":462,"holding":0},{"time":526,"holding":0},{"time":596,"holding":0},{"time":664,"holding":0},{"time":733,"holding":0},{"time":798,"holding":0},{"time":866,"holding":0},{"time":942,"holding":0},{"time":1006,"holding":0},{"time":1076,"holding":0},{"time":1147,"holding":0},{"time":1212,"holding":0},{"time":1284,"holding":0},{"time":1349,"holding":0},{"time":1417,"holding":0},{"time":1490,"holding":0},{"time":1556,"holding":0},{"time":1627,"holding":0},{"time":1693,"holding":0},{"time":1759,"holding":0},{"time":1830,"holding":0},{"time":1895,"holding":0},{"time":1962,"holding":0},{"time":2035,"holding":0},{"time":2103,"holding":0},{"time":2172,"holding":0},{"time":2241,"holding":0},{"time":2310,"holding":0},{"time":2379,"holding":0},{"time":2608,"holding":0},{"time":2652,"holding":0},{"time":2719,"holding":0},{"time":2764,"holding":0},{"time":2787,"holding":0},{"time":2854,"holding":0},{"time":2926,"holding":0},{"time":2991,"holding":48},{"time":3057,"holding":0},{"time":3128,"holding":0},{"time":3198,"holding":0},{"time":3269,"holding":0},{"time":3337,"holding":0},{"time":3404,"holding":0},{"time":3471,"holding":41},{"time":3605,"holding":22},{"time":3675,"holding":0},{"time":3723,"holding":0},{"time":3816,"holding":0},{"time":3929,"holding":0},{"time":3999,"holding":0},{"time":4020,"holding":0},{"time":4092,"holding":0},{"time":4147,"holding":0},{"time":4191,"holding":0},{"time":4225,"holding":0},{"time":4286,"holding":0},{"time":4364,"holding":0},{"time":4408,"holding":0},{"time":4454,"holding":0},{"time":4546,"holding":0},{"time":4568,"holding":0},{"time":4636,"holding":0},{"time":4672,"holding":0},{"time":4695,"holding":0},{"time":4773,"holding":0},{"time":4828,"holding":0},{"time":4898,"holding":0},{"time":4980,"holding":0},{"time":5037,"holding":0},{"time":5094,"holding":0},{"time":5118,"holding":0},{"time":5151,"holding":0},{"time":5183,"holding":0},{"time":5232,"holding":0},{"time":5253,"holding":0},{"time":5363,"holding":0},{"time":5385,"holding":0},{"time":5423,"holding":0},{"time":5459,"holding":0},{"time":5505,"holding":0},{"time":5593,"holding":0},{"time":5684,"holding":0},{"time":5720,"holding":0},{"time":5777,"holding":0},{"time":5865,"holding":0},{"time":5914,"holding":0},{"time":5972,"holding":0},{"time":6003,"holding":0},{"time":6051,"holding":0},{"time":6139,"holding":0},{"time":6198,"holding":0},{"time":6316,"holding":0},{"time":6413,"holding":0},{"time":6449,"holding":0},{"time":6516,"holding":0},{"time":6552,"holding":0},{"time":6643,"holding":0},{"time":6728,"holding":0},{"time":6748,"holding":0},{"time":6824,"holding":0},{"time":6884,"holding":0},{"time":6961,"holding":0},{"time":6997,"holding":0},{"time":7064,"holding":0},{"time":7101,"holding":0},{"time":7180,"holding":0},{"time":7239,"holding":0},{"time":7292,"holding":0},{"time":7329,"holding":0},{"time":7364,"holding":0},{"time":7420,"holding":0},{"time":7553,"holding":0},{"time":7578,"holding":0},{"time":7616,"holding":0},{"time":7648,"holding":0},{"time":7692,"holding":0},{"time":7780,"holding":0},{"time":7887,"holding":0},{"time":7921,"holding":0},{"time":7968,"holding":0},{"time":8052,"holding":0},{"time":8118,"holding":0},{"time":8152,"holding":0},{"time":8186,"holding":0},{"time":8241,"holding":0},{"time":8264,"holding":0},{"time":8388,"holding":0},{"time":8468,"holding":0},{"time":8528,"holding":0},{"time":8605,"holding":0},{"time":8664,"holding":0},{"time":8739,"holding":0},{"time":8821,"holding":0},{"time":8880,"holding":0},{"time":8922,"holding":0},{"time":8946,"holding":0},{"time":9015,"holding":0},{"time":9075,"holding":0},{"time":9150,"holding":0},{"time":9186,"holding":0},{"time":9336,"holding":0},{"time":9393,"holding":0},{"time":9495,"holding":0},{"time":9564,"holding":0},{"time":9625,"holding":0},{"time":9696,"holding":0},{"time":9760,"holding":0},{"time":9803,"holding":0},{"time":9861,"holding":0},{"time":9930,"holding":0},{"time":10027,"holding":0},{"time":10111,"holding":0},{"time":10170,"holding":0},{"time":10211,"holding":0},{"time":10242,"holding":0},{"time":10281,"holding":0},{"time":10374,"holding":0},{"time":10472,"holding":0},{"time":10593,"holding":28},{"time":10658,"holding":0},{"time":10722,"holding":36},{"time":10795,"holding":0},{"time":10859,"holding":32},{"time":10977,"holding":0},{"time":11027,"holding":0},{"time":11109,"holding":0},{"time":11170,"holding":0},{"time":11229,"holding":0},{"time":11275,"holding":0},{"time":11339,"holding":0},{"time":11373,"holding":0},{"time":11466,"holding":0},{"time":11550,"holding":0},{"time":11571,"holding":0},{"time":11685,"holding":0}],"bottom_keys":[{"time":392,"holding":0},{"time":461,"holding":0},{"time":517,"holding":0},{"time":550,"holding":0},{"time":594,"holding":0},{"time":652,"holding":0},{"time":685,"holding":0},{"time":734,"holding":0},{"time":864,"holding":0},{"time":928,"holding":0},{"time":963,"holding":0},{"time":1008,"holding":0},{"time":1068,"holding":0},{"time":1102,"holding":0},{"time":1151,"holding":0},{"time":1204,"holding":0},{"time":1235,"holding":0},{"time":1282,"holding":0},{"time":1351,"holding":0},{"time":1417,"holding":0},{"time":1477,"holding":0},{"time":1511,"holding":0},{"time":1555,"holding":0},{"time":1616,"holding":0},{"time":1648,"holding":0},{"time":1694,"holding":0},{"time":1749,"holding":0},{"time":1783,"holding":0},{"time":1828,"holding":0},{"time":1894,"holding":0},{"time":1964,"holding":0},{"time":2023,"holding":0},{"time":2059,"holding":0},{"time":2104,"holding":0},{"time":2162,"holding":0},{"time":2196,"holding":0},{"time":2238,"holding":0},{"time":2299,"holding":0},{"time":2332,"holding":0},{"time":2380,"holding":0},{"time":2441,"holding":0},{"time":2545,"holding":0},{"time":2582,"holding":0},{"time":2628,"holding":0},{"time":2653,"holding":0},{"time":2708,"holding":0},{"time":2742,"holding":0},{"time":2744,"holding":0},{"time":2785,"holding":0},{"time":2844,"holding":0},{"time":2876,"holding":0},{"time":2925,"holding":70},{"time":3055,"holding":20},{"time":3121,"holding":0},{"time":3152,"holding":0},{"time":3198,"holding":0},{"time":3259,"holding":0},{"time":3292,"holding":0},{"time":3335,"holding":0},{"time":3395,"holding":0},{"time":3428,"holding":0},{"time":3473,"holding":42},{"time":3538,"holding":45},{"time":3603,"holding":25},{"time":3656,"holding":0},{"time":3746,"holding":0},{"time":3794,"holding":0},{"time":3796,"holding":0},{"time":3840,"holding":0},{"time":3905,"holding":0},{"time":3950,"holding":0},{"time":3988,"holding":0},{"time":4008,"holding":0},{"time":4080,"holding":0},{"time":4112,"holding":0},{"time":4137,"holding":0},{"time":4156,"holding":0},{"time":4223,"holding":0},{"time":4251,"holding":0},{"time":4273,"holding":0},{"time":4296,"holding":0},{"time":4355,"holding":0},{"time":4385,"holding":0},{"time":4444,"holding":0},{"time":4460,"holding":0},{"time":4501,"holding":0},{"time":4535,"holding":0},{"time":4555,"holding":0},{"time":4625,"holding":0},{"time":4659,"holding":0},{"time":4682,"holding":0},{"time":4703,"holding":0},{"time":4773,"holding":0},{"time":4797,"holding":0},{"time":4818,"holding":0},{"time":4838,"holding":0},{"time":4878,"holding":0},{"time":4912,"holding":0},{"time":4955,"holding":0},{"time":4989,"holding":0},{"time":5011,"holding":0},{"time":5048,"holding":0},{"time":5082,"holding":0},{"time":5105,"holding":0},{"time":5139,"holding":0},{"time":5171,"holding":0},{"time":5219,"holding":0},{"time":5239,"holding":0},{"time":5319,"holding":0},{"time":5353,"holding":0},{"time":5375,"holding":0},{"time":5411,"holding":0},{"time":5446,"holding":0},{"time":5493,"holding":0},{"time":5513,"holding":0},{"time":5557,"holding":0},{"time":5626,"holding":0},{"time":5662,"holding":0},{"time":5698,"holding":0},{"time":5732,"holding":0},{"time":5769,"holding":0},{"time":5785,"holding":0},{"time":5828,"holding":0},{"time":5900,"holding":0},{"time":5923,"holding":0},{"time":5960,"holding":0},{"time":5991,"holding":0},{"time":6039,"holding":0},{"time":6057,"holding":0},{"time":6105,"holding":0},{"time":6172,"holding":0},{"time":6175,"holding":0},{"time":6185,"holding":0},{"time":6242,"holding":0},{"time":6280,"holding":0},{"time":6312,"holding":0},{"time":6330,"holding":0},{"time":6380,"holding":0},{"time":6410,"holding":0},{"time":6437,"holding":0},{"time":6459,"holding":0},{"time":6482,"holding":0},{"time":6542,"holding":0},{"time":6575,"holding":0},{"time":6597,"holding":0},{"time":6636,"holding":0},{"time":6654,"holding":0},{"time":6688,"holding":0},{"time":6739,"holding":0},{"time":6758,"holding":0},{"time":6814,"holding":0},{"time":6849,"holding":0},{"time":6872,"holding":0},{"time":6928,"holding":0},{"time":6962,"holding":0},{"time":6989,"holding":0},{"time":7010,"holding":0},{"time":7032,"holding":0},{"time":7123,"holding":0},{"time":7168,"holding":0},{"time":7190,"holding":0},{"time":7228,"holding":0},{"time":7280,"holding":0},{"time":7302,"holding":0},{"time":7343,"holding":0},{"time":7375,"holding":0},{"time":7409,"holding":0},{"time":7431,"holding":0},{"time":7507,"holding":0},{"time":7541,"holding":0},{"time":7568,"holding":0},{"time":7607,"holding":0},{"time":7639,"holding":0},{"time":7682,"holding":0},{"time":7704,"holding":0},{"time":7749,"holding":0},{"time":7875,"holding":0},{"time":7907,"holding":0},{"time":7957,"holding":0},{"time":7977,"holding":0},{"time":8021,"holding":0},{"time":8105,"holding":0},{"time":8126,"holding":0},{"time":8164,"holding":0},{"time":8196,"holding":0},{"time":8231,"holding":0},{"time":8253,"holding":0},{"time":8330,"holding":0},{"time":8377,"holding":0},{"time":8398,"holding":0},{"time":8457,"holding":0},{"time":8495,"holding":0},{"time":8517,"holding":0},{"time":8569,"holding":0},{"time":8599,"holding":0},{"time":8631,"holding":0},{"time":8655,"holding":0},{"time":8675,"holding":0},{"time":8730,"holding":0},{"time":8763,"holding":0},{"time":8812,"holding":0},{"time":8832,"holding":0},{"time":8868,"holding":0},{"time":8913,"holding":0},{"time":8976,"holding":0},{"time":9005,"holding":0},{"time":9040,"holding":0},{"time":9062,"holding":0},{"time":9151,"holding":0},{"time":9180,"holding":0},{"time":9198,"holding":0},{"time":9222,"holding":0},{"time":9278,"holding":0},{"time":9311,"holding":0},{"time":9359,"holding":0},{"time":9381,"holding":0},{"time":9416,"holding":0},{"time":9552,"holding":0},{"time":9595,"holding":0},{"time":9615,"holding":0},{"time":9636,"holding":0},{"time":9695,"holding":0},{"time":9724,"holding":0},{"time":9746,"holding":0},{"time":9770,"holding":0},{"time":9844,"holding":0},{"time":9880,"holding":0},{"time":9920,"holding":0},{"time":9939,"holding":0},{"time":9975,"holding":0},{"time":10020,"holding":0},{"time":10041,"holding":0},{"time":10098,"holding":0},{"time":10134,"holding":0},{"time":10157,"holding":0},{"time":10180,"holding":0},{"time":10241,"holding":0},{"time":10270,"holding":0},{"time":10292,"holding":0},{"time":10348,"holding":0},{"time":10390,"holding":0},{"time":10429,"holding":0},{"time":10465,"holding":0},{"time":10482,"holding":0},{"time":10521,"holding":49},{"time":10592,"holding":24},{"time":10646,"holding":0},{"time":10682,"holding":0},{"time":10706,"holding":0},{"time":10726,"holding":29},{"time":10783,"holding":0},{"time":10818,"holding":0},{"time":10843,"holding":0},{"time":10861,"holding":29},{"time":10900,"holding":0},{"time":10923,"holding":0},{"time":10952,"holding":24},{"time":11013,"holding":0},{"time":11034,"holding":0},{"time":11070,"holding":29},{"time":11120,"holding":0},{"time":11141,"holding":0},{"time":11207,"holding":0},{"time":11241,"holding":0},{"time":11264,"holding":0},{"time":11308,"holding":0},{"time":11340,"holding":0},{"time":11366,"holding":0},{"time":11386,"holding":0},{"time":11407,"holding":0},{"time":11443,"holding":0},{"time":11478,"holding":0},{"time":11525,"holding":0},{"time":11559,"holding":0},{"time":11579,"holding":0},{"time":11610,"holding":0},{"time":11683,"holding":0}],"right_keys":[{"time":376,"holding":0},{"time":460,"holding":0},{"time":492,"holding":0},{"time":595,"holding":0},{"time":628,"holding":0},{"time":735,"holding":0},{"time":799,"holding":0},{"time":905,"holding":0},{"time":1009,"holding":0},{"time":1042,"holding":0},{"time":1149,"holding":0},{"time":1181,"holding":0},{"time":1285,"holding":0},{"time":1351,"holding":0},{"time":1449,"holding":0},{"time":1557,"holding":0},{"time":1592,"holding":0},{"time":1695,"holding":0},{"time":1728,"holding":0},{"time":1829,"holding":0},{"time":1965,"holding":0},{"time":1999,"holding":0},{"time":2105,"holding":0},{"time":2138,"holding":0},{"time":2239,"holding":0},{"time":2273,"holding":0},{"time":2378,"holding":0},{"time":2512,"holding":0},{"time":2568,"holding":0},{"time":2654,"holding":0},{"time":2684,"holding":0},{"time":2785,"holding":0},{"time":2819,"holding":0},{"time":2927,"holding":0},{"time":2990,"holding":50},{"time":3056,"holding":0},{"time":3095,"holding":0},{"time":3200,"holding":0},{"time":3234,"holding":0},{"time":3338,"holding":0},{"time":3368,"holding":0},{"time":3473,"holding":41},{"time":3604,"holding":22},{"time":3640,"holding":0},{"time":3770,"holding":0},{"time":3884,"holding":0},{"time":4055,"holding":0},{"time":4215,"holding":0},{"time":4429,"holding":0},{"time":4601,"holding":0},{"time":4763,"holding":0},{"time":4932,"holding":0},{"time":5204,"holding":0},{"time":5478,"holding":0},{"time":5755,"holding":0},{"time":6025,"holding":0},{"time":6268,"holding":0},{"time":6301,"holding":0},{"time":6403,"holding":0},{"time":6622,"holding":0},{"time":6789,"holding":0},{"time":6897,"holding":0},{"time":6954,"holding":0},{"time":7092,"holding":0},{"time":7265,"holding":0},{"time":7473,"holding":0},{"time":7666,"holding":0},{"time":7850,"holding":0},{"time":7941,"holding":0},{"time":8089,"holding":0},{"time":8296,"holding":0},{"time":8430,"holding":0},{"time":8571,"holding":0},{"time":8593,"holding":0},{"time":8707,"holding":0},{"time":8935,"holding":0},{"time":9089,"holding":0},{"time":9118,"holding":0},{"time":9140,"holding":0},{"time":9255,"holding":0},{"time":9291,"holding":0},{"time":9527,"holding":0},{"time":9668,"holding":0},{"time":9688,"holding":0},{"time":9832,"holding":0},{"time":10006,"holding":0},{"time":10237,"holding":0},{"time":10316,"holding":0},{"time":10451,"holding":0},{"time":10590,"holding":24},{"time":10624,"holding":0},{"time":10762,"holding":0},{"time":10933,"holding":0},{"time":10999,"holding":0},{"time":11193,"holding":0},{"time":11331,"holding":0},{"time":11503,"holding":0},{"time":11684,"holding":0}],"end":11897}